-- MySQL dump 10.13  Distrib 8.0.20, for Linux (x86_64)
--
-- Host: 34.71.12.223    Database: customer_shopping
-- ------------------------------------------------------
-- Server version	8.0.27

/*!40101 SET @OLD_CHARACTER_SET_CLIENT=@@CHARACTER_SET_CLIENT */;
/*!40101 SET @OLD_CHARACTER_SET_RESULTS=@@CHARACTER_SET_RESULTS */;
/*!40101 SET @OLD_COLLATION_CONNECTION=@@COLLATION_CONNECTION */;
/*!50503 SET NAMES utf8mb4 */;
/*!40103 SET @OLD_TIME_ZONE=@@TIME_ZONE */;
/*!40103 SET TIME_ZONE='+00:00' */;
/*!40014 SET @OLD_UNIQUE_CHECKS=@@UNIQUE_CHECKS, UNIQUE_CHECKS=0 */;
/*!40014 SET @OLD_FOREIGN_KEY_CHECKS=@@FOREIGN_KEY_CHECKS, FOREIGN_KEY_CHECKS=0 */;
/*!40101 SET @OLD_SQL_MODE=@@SQL_MODE, SQL_MODE='NO_AUTO_VALUE_ON_ZERO' */;
/*!40111 SET @OLD_SQL_NOTES=@@SQL_NOTES, SQL_NOTES=0 */;

--
-- Table structure for table `Customer`
--

DROP TABLE IF EXISTS `Customer`;
/*!40101 SET @saved_cs_client     = @@character_set_client */;
/*!50503 SET character_set_client = utf8mb4 */;
CREATE TABLE `Customer` (
  `CustomerID` int NOT NULL AUTO_INCREMENT,
  `FirstName` varchar(255) DEFAULT NULL,
  `LastName` varchar(255) DEFAULT NULL,
  `Gender` varchar(100) DEFAULT NULL,
  `Age` int DEFAULT NULL,
  `SubscriptionStatus` varchar(255) DEFAULT NULL,
  PRIMARY KEY (`CustomerID`),
  UNIQUE KEY `CustomerID` (`CustomerID`)
) ENGINE=InnoDB AUTO_INCREMENT=426 DEFAULT CHARSET=utf8mb4 COLLATE=utf8mb4_0900_ai_ci;
/*!40101 SET character_set_client = @saved_cs_client */;

--
-- Dumping data for table `Customer`
--

LOCK TABLES `Customer` WRITE;
/*!40000 ALTER TABLE `Customer` DISABLE KEYS */;
INSERT INTO `Customer` VALUES (227,'Edgar','Gibson','Male',55,'Yes'),(228,'Anna','Thompson','Male',19,'Yes'),(229,'Adelaide','Mason','Male',50,'Yes'),(230,'Alexia','Tucker','Male',21,'Yes'),(231,'Michael','Kelly','Male',45,'Yes'),(232,'Kate','West','Male',46,'Yes'),(233,'Lucy','Cameron','Male',63,'Yes'),(234,'Ryan','Mason','Male',27,'Yes'),(235,'Edward','Stevens','Male',26,'Yes'),(236,'Gianna','Johnson','Male',57,'Yes'),(237,'Victoria','Hill','Male',53,'Yes'),(238,'Henry','Taylor','Male',30,'Yes'),(239,'Blake','Johnson','Male',61,'Yes'),(240,'Deanna','Cunningham','Male',65,'No'),(241,'Andrew','Higgins','Male',64,'Yes'),(242,'Melissa','Andrews','Male',64,'Yes'),(243,'Eddy','West','Male',25,'Yes'),(244,'Isabella','Gray','Male',53,'Yes'),(245,'Tara','Henderson','Male',52,'Yes'),(246,'Rosie','Thompson','Male',66,'Yes'),(247,'Cherry','Jones','Male',21,'Yes'),(248,'Cherry','Hamilton','Male',31,'Yes'),(249,'Adrian','Watson','Male',56,'Yes'),(250,'Joyce','Casey','Male',31,'Yes'),(251,'Mary','Howard','Male',18,'Yes'),(252,'Byron','Stevens','Male',18,'Yes'),(253,'Alfred','Roberts','Male',38,'Yes'),(254,'Edith','West','Male',56,'Yes'),(255,'Maria','Wells','Male',54,'Yes'),(256,'Daryl','Hamilton','Male',31,'No'),(257,'Blake','Harris','Male',57,'Yes'),(258,'Martin','Morrison','Male',33,'Yes'),(259,'Robert','Robinson','Male',36,'Yes'),(260,'Deanna','Warren','Male',54,'Yes'),(261,'Rubie','Roberts','Male',36,'Yes'),(262,'Martin','Stevens','Male',54,'Yes'),(263,'Maximilian','Thomas','Male',35,'Yes'),(264,'Annabella','Cameron','Male',35,'Yes'),(265,'Haris','Thompson','Male',29,'Yes'),(266,'Julia','Roberts','Male',70,'Yes'),(267,'Tony','Gray','Male',69,'Yes'),(268,'Lilianna','Campbell','Male',67,'Yes'),(269,'Henry','Davis','Male',20,'Yes'),(270,'Kelvin','Harper','Male',25,'Yes'),(271,'Elise','Parker','Male',39,'Yes'),(272,'Emma','Allen','Male',50,'Yes'),(273,'Emma','Gibson','Male',57,'Yes'),(274,'Alina','Hunt','Male',55,'Yes'),(275,'Michelle','Thompson','Male',42,'Yes'),(276,'Adele','Clark','Male',68,'Yes'),(277,'Belinda','Edwards','Male',49,'Yes'),(278,'Rubie','Dixon','Male',59,'Yes'),(279,'William','Crawford','Male',42,'Yes'),(280,'Sofia','Payne','Male',29,'No'),(281,'Abigail','Turner','Male',47,'Yes'),(282,'Lucas','Elliott','Male',40,'Yes'),(283,'Grace','Miller','Male',41,'Yes'),(284,'Oliver','Campbell','Male',21,'No'),(285,'Reid','West','Male',69,'Yes'),(286,'Grace','Andrews','Male',63,'Yes'),(287,'Lucy','Reed','Male',50,'Yes'),(288,'Kate','Harris','Male',55,'Yes'),(289,'Arnold','Morrison','Male',30,'Yes'),(290,'Carl','Armstrong','Male',33,'Yes'),(291,'Jacob','Farrell','Male',65,'Yes'),(292,'Agata','Moore','Male',65,'Yes'),(293,'Bruce','Baker','Male',31,'Yes'),(294,'Edgar','Hall','Male',45,'Yes'),(295,'Agata','Chapman','Male',57,'Yes'),(296,'Violet','Nelson','Male',48,'Yes'),(297,'Kimberly','Allen','Male',22,'Yes'),(298,'Chester','Ryan','Male',36,'Yes'),(299,'Sawyer','Thompson','Male',18,'Yes'),(300,'Paige','Ellis','Male',48,'Yes'),(301,'Amber','Ferguson','Male',49,'Yes'),(302,'Miller','Ryan','Male',64,'Yes'),(303,'Edith','Rogers','Male',50,'Yes'),(304,'Lana','Cameron','Male',22,'Yes'),(305,'Connie','Scott','Male',50,'Yes'),(306,'April','Allen','Male',38,'Yes'),(307,'Sarah','Nelson','Male',19,'Yes'),(308,'Evelyn','Stewart','Male',67,'Yes'),(309,'Daniel','Payne','Male',19,'Yes'),(310,'Emily','Dixon','Male',36,'Yes'),(311,'Roman','Casey','Male',52,'Yes'),(312,'Brooke','Edwards','Male',53,'Yes'),(313,'Oscar','Reed','Male',24,'Yes'),(314,'Sawyer','Williams','Male',52,'Yes'),(315,'Tiana','Davis','Male',33,'Yes'),(316,'Alford','Wilson','Male',47,'Yes'),(317,'Carl','Warren','Male',25,'Yes'),(318,'Adam','Scott','Male',44,'Yes'),(319,'Sam','Payne','Male',61,'No'),(320,'Aldus','Wilson','Male',37,'Yes'),(321,'Melanie','Barnes','Male',58,'No'),(322,'Catherine','Owens','Male',37,'No'),(323,'Mike','Sullivan','Male',32,'Yes'),(324,'Lyndon','Wells','Male',21,'Yes'),(325,'Amy','Richards','Male',20,'Yes'),(326,'Kelsey','Martin','Male',26,'Yes'),(327,'Kevin','Henderson','Male',62,'Yes'),(328,'Julia','Riley','Male',27,'Yes'),(329,'Violet','Barrett','Male',51,'Yes'),(330,'Alford','Harper','Male',54,'Yes'),(331,'Lana','Wilson','Male',55,'Yes'),(332,'Rafael','Cole','Male',69,'Yes'),(333,'Tara','Mason','Male',64,'Yes'),(334,'Kimberly','Ellis','Male',28,'Yes'),(335,'Lucas','Brown','Male',70,'No'),(336,'John','Murray','Male',58,'Yes'),(337,'Michael','Reed','Male',56,'Yes'),(338,'Miley','Watson','Male',26,'Yes'),(339,'Oscar','Turner','Male',37,'No'),(340,'Arthur','Perkins','Male',44,'Yes'),(341,'Darcy','Brooks','Male',70,'Yes'),(342,'Jenna','Kelley','Male',53,'Yes'),(343,'Nicole','Wright','Male',55,'Yes'),(344,'Gianna','Brown','Male',50,'Yes'),(345,'Mary','Miller','Male',50,'Yes'),(346,'Maria','Parker','Male',38,'Yes'),(347,'Myra','Wright','Male',64,'Yes'),(348,'Charlie','Spencer','Male',19,'Yes'),(349,'Ellia','Harper','Male',40,'Yes'),(350,'Oscar','Baker','Male',57,'Yes'),(351,'Alexander','Rogers','Male',44,'Yes'),(352,'Antony','Harris','Male',49,'Yes'),(353,'Maria','Fowler','Male',43,'Yes'),(354,'Paul','West','Male',24,'Yes'),(355,'Florrie','Bennett','Male',20,'Yes'),(356,'Samantha','Tucker','Male',24,'Yes'),(357,'Amanda','Hunt','Male',44,'Yes'),(358,'Andrew','Tucker','Male',28,'Yes'),(359,'Adam','Thompson','Male',30,'Yes'),(360,'Leonardo','Spencer','Male',52,'Yes'),(361,'Frederick','Stevens','Male',43,'Yes'),(362,'Walter','Warren','Male',43,'Yes'),(363,'Amelia','Allen','Male',39,'Yes'),(364,'Belinda','Cooper','Male',68,'Yes'),(365,'Amy','Rogers','Male',68,'Yes'),(366,'Dale','Clark','Male',49,'Yes'),(367,'Adrianna','Perry','Male',63,'Yes'),(368,'Alfred','Clark','Male',56,'Yes'),(369,'Spike','Martin','Male',37,'Yes'),(370,'Oscar','Harrison','Male',30,'Yes'),(371,'Savana','Hall','Male',19,'Yes'),(372,'Miller','Morris','Male',24,'Yes'),(373,'Miller','Miller','Male',52,'Yes'),(374,'Alberta','Cooper','Male',63,'Yes'),(375,'Tony','Campbell','Male',37,'Yes'),(376,'Alissa','Gray','Male',38,'Yes'),(377,'Madaline','Walker','Male',35,'Yes'),(378,'Alina','Watson','Male',28,'Yes'),(379,'Amanda','Morrison','Male',30,'Yes'),(380,'Eric','Crawford','Male',69,'Yes'),(381,'Sofia','Baker','Male',41,'Yes'),(382,'Paul','Rogers','Male',63,'Yes'),(383,'Vanessa','Spencer','Male',35,'Yes'),(384,'Frederick','Watson','Male',36,'Yes'),(385,'Ellia','Douglas','Male',25,'Yes'),(386,'Heather','Howard','Male',58,'Yes'),(387,'Savana','Cunningham','Male',27,'Yes'),(388,'Kelvin','Reed','Male',65,'Yes'),(389,'Fenton','Barrett','Male',54,'Yes'),(390,'Kate','Murray','Male',54,'Yes'),(391,'Roland','Gibson','Male',59,'Yes'),(392,'Sydney','Myers','Male',42,'Yes'),(393,'Albert','Warren','Male',46,'Yes'),(394,'Martin','Russell','Male',33,'Yes'),(395,'Preston','Miller','Male',34,'Yes'),(396,'Kate','Jones','Male',27,'Yes'),(397,'Maximilian','Adams','Male',52,'Yes'),(398,'Alisa','Davis','Male',29,'Yes'),(399,'Chloe','Roberts','Male',54,'Yes'),(400,'Julian','Bailey','Male',25,'Yes'),(401,'Stuart','Cole','Male',41,'Yes'),(402,'Arthur','Payne','Male',53,'Yes'),(403,'Olivia','Ferguson','Male',53,'Yes'),(404,'Ada','Wilson','Male',21,'Yes'),(405,'Belinda','Riley','Male',61,'Yes'),(406,'James','Mason','Male',64,'Yes'),(407,'Ned','Thomas','Male',51,'Yes'),(408,'Steven','Crawford','Male',32,'Yes'),(409,'Alford','Johnston','Male',38,'Yes'),(410,'James','West','Male',58,'Yes'),(411,'Cherry','Fowler','Male',32,'Yes'),(412,'Ryan','Wells','Male',46,'Yes'),(413,'Sofia','Kelly','Male',39,'Yes'),(414,'Kevin','Perry','Male',19,'Yes'),(415,'Briony','Gibson','Male',50,'Yes'),(416,'Anna','Stewart','Male',36,'Yes'),(417,'Lana','Edwards','Male',65,'Yes'),(418,'Jacob','Edwards','Male',64,'Yes'),(419,'Derek','West','Male',46,'Yes'),(420,'Paul','Morgan','Male',36,'Yes'),(421,'Daniel','Rogers','Male',51,'Yes'),(422,'Melanie','Thomas','Male',51,'Yes'),(423,'Alford','Allen','Male',38,'Yes'),(424,'Cherry','Thompson','Male',59,'Yes'),(425,'Edith','Dixon','Male',57,'Yes');
/*!40000 ALTER TABLE `Customer` ENABLE KEYS */;
UNLOCK TABLES;

--
-- Table structure for table `Order`
--

DROP TABLE IF EXISTS `Order`;
/*!40101 SET @saved_cs_client     = @@character_set_client */;
/*!50503 SET character_set_client = utf8mb4 */;
CREATE TABLE `Order` (
  `OrderID` int NOT NULL AUTO_INCREMENT,
  `CustomerID` int DEFAULT NULL,
  `City` varchar(255) DEFAULT NULL,
  `ShippingType` varchar(255) DEFAULT NULL,
  `PurchaseAmtUSD` int DEFAULT NULL,
  PRIMARY KEY (`OrderID`),
  KEY `Order_Customer_CustomerID_fk` (`CustomerID`),
  CONSTRAINT `Order_Customer_CustomerID_fk` FOREIGN KEY (`CustomerID`) REFERENCES `Customer` (`CustomerID`)
) ENGINE=InnoDB AUTO_INCREMENT=200 DEFAULT CHARSET=utf8mb4 COLLATE=utf8mb4_0900_ai_ci;
/*!40101 SET character_set_client = @saved_cs_client */;

--
-- Dumping data for table `Order`
--

LOCK TABLES `Order` WRITE;
/*!40000 ALTER TABLE `Order` DISABLE KEYS */;
INSERT INTO `Order` VALUES (1,309,'Kentucky','Express',53),(2,332,'Maine','Express',64),(3,355,'Massachusetts','Free Shipping',73),(4,397,'Rhode Island','Next Day Air',90),(5,305,'Oregon','Free Shipping',49),(6,227,'Wyoming','Standard',20),(7,381,'Montana','Free Shipping',85),(8,267,'Louisiana','Free Shipping',34),(9,380,'West Virginia','Express',97),(10,256,'Missouri','2-Day Shipping',31),(11,268,'Arkansas','Store Pickup',34),(12,297,'Hawaii','Store Pickup',68),(13,352,'Delaware','Express',72),(14,307,'New Hampshire','Express',51),(15,310,'New York','Free Shipping',53),(16,373,'Rhode Island','Store Pickup',81),(17,385,'Alabama','Next Day Air',36),(18,278,'Mississippi','2-Day Shipping',38),(19,381,'Montana','Free Shipping',48),(20,398,'Rhode Island','Standard',90),(21,308,'Louisiana','Express',51),(22,330,'North Carolina','Store Pickup',62),(23,287,'California','Store Pickup',37),(24,392,'Oklahoma','Express',88),(25,408,'Florida','Store Pickup',22),(26,236,'Texas','Express',25),(27,228,'Nevada','Next Day Air',20),(28,321,'Kentucky','Next Day Air',56),(29,403,'North Carolina','Free Shipping',94),(30,399,'Wyoming','Store Pickup',48),(31,257,'North Carolina','Standard',31),(32,333,'West Virginia','Store Pickup',79),(33,338,'Kansas','Free Shipping',67),(34,279,'Colorado','Store Pickup',38),(35,400,'North Dakota','2-Day Shipping',91),(36,264,'Massachusetts','2-Day Shipping',33),(37,348,'Illinois','Free Shipping',69),(38,292,'Indiana','Store Pickup',45),(39,276,'Florida','2-Day Shipping',37),(40,327,'Arizona','Express',60),(41,361,'Louisiana','Next Day Air',76),(42,280,'Alaska','Standard',39),(43,423,'Tennessee','Free Shipping',100),(44,349,'Ohio','Store Pickup',69),(45,311,'Kentucky','Free Shipping',53),(46,230,'Tennessee','2-Day Shipping',21),(47,287,'California','Store Pickup',43),(48,371,'Montana','Free Shipping',54),(49,319,'Nevada','Store Pickup',55),(50,253,'New Jersey','Next Day Air',30),(51,244,'Maryland','Store Pickup',28),(52,326,'Vermont','2-Day Shipping',59),(53,229,'Alaska','Free Shipping',20),(54,234,'Mississippi','Next Day Air',24),(55,404,'New Mexico','Next Day Air',94),(56,245,'South Carolina','2-Day Shipping',28),(57,356,'Mississippi','Store Pickup',73),(58,333,'West Virginia','Store Pickup',64),(59,316,'Missouri','Free Shipping',54),(60,369,'Louisiana','Standard',79),(61,277,'Idaho','Express',37),(62,346,'Texas','Store Pickup',68),(63,231,'Mississippi','Free Shipping',21),(64,370,'Arizona','2-Day Shipping',79),(65,378,'Alabama','Standard',83),(66,273,'New Jersey','2-Day Shipping',36),(67,405,'Pennsylvania','2-Day Shipping',94),(68,265,'Connecticut','Store Pickup',33),(69,295,'Utah','Next Day Air',46),(70,350,'Tennessee','Express',70),(71,248,'Alabama','Express',29),(72,302,'Virginia','Express',48),(73,239,'Georgia','Store Pickup',26),(74,297,'Hawaii','Free Shipping',85),(75,323,'Indiana','Express',58),(76,383,'Utah','Free Shipping',85),(77,337,'Delaware','Free Shipping',43),(78,312,'Delaware','Next Day Air',53),(79,401,'Nebraska','Free Shipping',91),(80,414,'Iowa','2-Day Shipping',96),(81,353,'New York','Store Pickup',72),(82,415,'Virginia','Express',96),(83,246,'Georgia','2-Day Shipping',28),(84,282,'Texas','Standard',40),(85,260,'Arizona','Standard',32),(86,410,'New Mexico','Next Day Air',95),(87,285,'Nevada','2-Day Shipping',41),(88,313,'Ohio','2-Day Shipping',53),(89,298,'Wyoming','Free Shipping',47),(90,379,'California','Next Day Air',83),(91,303,'South Carolina','Express',48),(92,422,'South Carolina','Standard',99),(93,391,'Texas','2-Day Shipping',87),(94,331,'Florida','Standard',62),(95,362,'Nevada','Free Shipping',76),(96,424,'Missouri','Free Shipping',100),(97,357,'Delaware','Express',73),(98,402,'Virginia','Store Pickup',92),(99,339,'New York','Next Day Air',67),(100,283,'Missouri','Express',40),(101,420,'South Dakota','Express',98),(102,384,'North Dakota','Express',85),(103,390,'Oklahoma','Next Day Air',67),(104,394,'West Virginia','Next Day Air',89),(105,235,'New Hampshire','2-Day Shipping',24),(106,416,'New York','Next Day Air',96),(107,269,'Minnesota','Standard',35),(108,341,'Maryland','Next Day Air',67),(109,381,'Montana','Next Day Air',79),(110,385,'Alabama','Next Day Air',85),(111,240,'New York','Standard',26),(112,355,'Massachusetts','Free Shipping',75),(113,335,'Florida','Free Shipping',65),(114,317,'New Jersey','Next Day Air',54),(115,411,'Massachusetts','Store Pickup',95),(116,406,'Wyoming','Standard',94),(117,387,'Virginia','Free Shipping',86),(118,261,'South Dakota','Express',32),(119,293,'Kentucky','2-Day Shipping',45),(120,363,'Wyoming','Express',76),(121,380,'West Virginia','Express',84),(122,354,'Virginia','Standard',72),(123,284,'Washington','2-Day Shipping',40),(124,395,'Louisiana','Free Shipping',89),(125,388,'Nevada','Next Day Air',86),(126,318,'California','Next Day Air',54),(127,278,'Mississippi','Store Pickup',36),(128,396,'Mississippi','Next Day Air',89),(129,262,'California','Standard',32),(130,342,'Pennsylvania','2-Day Shipping',67),(131,281,'Kentucky','Next Day Air',39),(132,249,'Maine','Standard',29),(133,324,'New Mexico','2-Day Shipping',58),(134,381,'Montana','Next Day Air',65),(135,407,'Texas','Store Pickup',94),(136,374,'Kansas','Express',81),(137,389,'South Carolina','Free Shipping',86),(138,289,'Colorado','Free Shipping',43),(139,250,'Georgia','Store Pickup',29),(140,412,'Florida','Store Pickup',95),(141,247,'North Carolina','2-Day Shipping',28),(142,296,'Virginia','Free Shipping',46),(143,325,'Nebraska','Free Shipping',58),(144,304,'Missouri','Store Pickup',48),(145,290,'New Jersey','Express',43),(146,413,'Missouri','Standard',95),(147,254,'Colorado','Standard',30),(148,334,'Idaho','2-Day Shipping',64),(149,399,'Wyoming','Store Pickup',90),(150,337,'Delaware','Free Shipping',76),(151,417,'California','Standard',96),(152,299,'North Dakota','Next Day Air',47),(153,386,'South Carolina','Express',85),(154,320,'North Carolina','Standard',55),(155,421,'Oklahoma','Next Day Air',98),(156,366,'Maine','Free Shipping',77),(157,241,'Missouri','Standard',26),(158,347,'Vermont','Next Day Air',68),(159,265,'Connecticut','Standard',73),(160,242,'New Hampshire','Store Pickup',27),(161,233,'Texas','Free Shipping',23),(162,306,'North Dakota','Express',49),(163,359,'California','Store Pickup',74),(164,343,'Virginia','Standard',67),(165,337,'Delaware','Free Shipping',65),(166,328,'Kentucky','Store Pickup',60),(167,258,'Delaware','Store Pickup',31),(168,243,'Arkansas','Express',27),(169,372,'Louisiana','Express',80),(170,255,'Nevada','Standard',30),(171,237,'Wyoming','Store Pickup',25),(172,270,'Virginia','Store Pickup',35),(173,344,'Nebraska','Next Day Air',67),(174,297,'Hawaii','Standard',46),(175,271,'Vermont','Express',35),(176,390,'Oklahoma','Next Day Air',86),(177,375,'New Hampshire','Next Day Air',81),(178,286,'Kansas','Next Day Air',42),(179,291,'Idaho','2-Day Shipping',43),(180,259,'Illinois','Store Pickup',31),(181,376,'South Dakota','Store Pickup',81),(182,329,'Massachusetts','Next Day Air',61),(183,418,'Alabama','Store Pickup',96),(184,251,'Ohio','2-Day Shipping',29),(185,297,'Hawaii','Express',33),(186,263,'Wisconsin','Store Pickup',32),(187,322,'Minnesota','Standard',56),(188,408,'Georgia','Store Pickup',94),(189,243,'Arkansas','Express',53),(190,377,'West Virginia','Next Day Air',82),(191,351,'Indiana','Free Shipping',70),(192,365,'Utah','Free Shipping',76),(193,252,'Nebraska','Express',29),(194,425,'North Dakota','Standard',100),(195,409,'Missouri','Express',94),(196,238,'New York','Free Shipping',25),(197,393,'Washington','Next Day Air',88),(198,367,'South Carolina','2-Day Shipping',78),(199,294,'Utah','Standard',45);
/*!40000 ALTER TABLE `Order` ENABLE KEYS */;
UNLOCK TABLES;

--
-- Table structure for table `Product`
--

DROP TABLE IF EXISTS `Product`;
/*!40101 SET @saved_cs_client     = @@character_set_client */;
/*!50503 SET character_set_client = utf8mb4 */;
CREATE TABLE `Product` (
  `ProductID` int NOT NULL AUTO_INCREMENT,
  `ProductName` varchar(255) DEFAULT NULL,
  `Category` varchar(255) DEFAULT NULL,
  `Color` varchar(100) DEFAULT NULL,
  PRIMARY KEY (`ProductID`),
  UNIQUE KEY `ProductID` (`ProductID`)
) ENGINE=InnoDB AUTO_INCREMENT=200 DEFAULT CHARSET=utf8mb4 COLLATE=utf8mb4_0900_ai_ci;
/*!40101 SET character_set_client = @saved_cs_client */;

--
-- Dumping data for table `Product`
--

LOCK TABLES `Product` WRITE;
/*!40000 ALTER TABLE `Product` DISABLE KEYS */;
INSERT INTO `Product` VALUES (1,'Sneakers','Footwear','White'),(2,'Jewelry','Accessories','Red'),(3,'T-shirt','Clothing','Green'),(4,'Socks','Clothing','Indigo'),(5,'Sneakers','Footwear','Magenta'),(6,'Jacket','Outerwear','Green'),(7,'Gloves Cotton','Accessories','Orange'),(8,'Skirt','Clothing','Peach'),(9,'Sunglasses','Accessories','Pink'),(10,'Hoodie','Clothing','Silver'),(11,'Shirt','Clothing','Maroon'),(12,'Jacket','Outerwear','Magenta'),(13,'Dress','Clothing','Olive'),(14,'Backpack Adidas','Accessories','Black'),(15,'Shorts 5\'','Clothing','Lavender'),(16,'Gloves Cashmere and Wool','Accessories','Charcoal'),(17,'Gloves Cashmere and Wool','Accessories','Green'),(18,'Blouse W','Clothing','Red'),(19,'Jacket','Outerwear','Lavender'),(20,'Pants','Clothing','Olive'),(21,'Shirt','Clothing','Yellow'),(22,'Belt Long','Accessories','Magenta'),(23,'Skirt','Clothing','Indigo'),(24,'Skirt','Clothing','Maroon'),(25,'Skirt','Clothing','Beige'),(26,'Shoes','Footwear','Turquoise'),(27,'Hoodie','Clothing','Indigo'),(28,'Skirt','Clothing','Black'),(29,'Jacket','Outerwear','Gold'),(30,'Handbag','Accessories','Pink'),(31,'Jewelry','Accessories','Black'),(32,'Sneakers','Footwear','Indigo'),(33,'Boots3','Footwear','Violet'),(34,'Coat England','Outerwear','Peach'),(35,'Sandals','Footwear','Yellow'),(36,'Scarf','Accessories','Gold'),(37,'T-shirt','Clothing','Silver'),(38,'Blouse M','Clothing','Cyan'),(39,'Coat Women','Outerwear','Gray'),(40,'Sneakers','Footwear','Cyan'),(41,'Shorts 5\'','Clothing','Charcoal'),(42,'Shoes','Footwear','Purple'),(43,'Jacket','Outerwear','White'),(44,'Shorts 3\'','Clothing','Blue'),(45,'Shoes','Footwear','Brown'),(46,'Sunglasses','Accessories','Gray'),(47,'Backpack Lululemon','Accessories','Purple'),(48,'Shorts 5\'','Clothing','Pink'),(49,'Pants','Clothing','Peach'),(50,'Dress','Clothing','Red'),(51,'Sweater','Clothing','Brown'),(52,'Dress','Clothing','Lavender'),(53,'Pants','Clothing','Green'),(54,'Scarf','Accessories','Orange'),(55,'Scarf','Accessories','Violet'),(56,'Dress','Clothing','Turquoise'),(57,'Hoodie','Clothing','Indigo'),(58,'Backpack Child','Accessories','Brown'),(59,'Hoodie','Clothing','Pink'),(60,'Hoodie','Clothing','Magenta'),(61,'Shirt','Clothing','White'),(62,'Hat','Accessories','Teal'),(63,'Sneakers','Footwear','Turquoise'),(64,'Shoes','Footwear','Silver'),(65,'Skirt','Clothing','Lavender'),(66,'Jeans','Clothing','Cyan'),(67,'Sweater','Clothing','Orange'),(68,'Jewelry','Accessories','Turquoise'),(69,'Handbag','Accessories','Silver'),(70,'Gloves Cashmere','Accessories','Turquoise'),(71,'Hat','Accessories','Turquoise'),(72,'T-shirt','Clothing','Orange'),(73,'Sunglasses','Accessories','Turquoise'),(74,'Sweater','Clothing','Black'),(75,'Dress','Clothing','Black'),(76,'Dress','Clothing','Gold'),(77,'Hat','Accessories','Violet'),(78,'Coat Girl','Outerwear','Beige'),(79,'Blouse M','Clothing','Turquoise'),(80,'Backpack Lululemon2','Accessories','Olive'),(81,'Dress','Clothing','Violet'),(82,'Pants','Clothing','Black'),(83,'Blouse W','Clothing','Gray'),(84,'Coat Men3','Outerwear','Teal'),(85,'Hat','Accessories','Silver'),(86,'Dress','Clothing','Gold'),(87,'Shoes','Footwear','Green'),(88,'Hoodie','Clothing','Pink'),(89,'Jewelry','Accessories','Charcoal'),(90,'Hoodie','Clothing','Charcoal'),(91,'Hat','Accessories','Maroon'),(92,'Shorts 7\'','Clothing','Indigo'),(93,'Shirt','Clothing','Orange'),(94,'Hoodie','Clothing','Maroon'),(95,'Shorts 7\'','Clothing','Cyan'),(96,'Backpack Nike2','Accessories','Lavender'),(97,'Gloves Cotton','Accessories','Violet'),(98,'Backpack A.P.C','Accessories','Orange'),(99,'Jacket','Outerwear','Violet'),(100,'Skirt','Clothing','Gray'),(101,'Pants','Clothing','Turquoise'),(102,'Handbag','Accessories','Yellow'),(103,'Pants','Clothing','Beige'),(104,'Pants','Clothing','Charcoal'),(105,'Sweater','Clothing','Purple'),(106,'Sweater','Clothing','Maroon'),(107,'Coat','Outerwear','White'),(108,'Shoes','Footwear','Purple'),(109,'Gloves Cashmere','Accessories','Red'),(110,'Sweater','Clothing','Violet'),(111,'Handbag','Accessories','Purple'),(112,'Jacket','Outerwear','Silver'),(113,'Jeans','Clothing','Teal'),(114,'Socks','Clothing','Violet'),(115,'Sneakers','Footwear','Olive'),(116,'Dress','Clothing','Olive'),(117,'Skirt','Clothing','Purple'),(118,'Jewelry','Accessories','Violet'),(119,'Shorts 3\'','Clothing','Olive'),(120,'Scarf','Accessories','Orange'),(121,'Hat ','Accessories','Yellow'),(122,'T-shirt','Clothing','Maroon'),(123,'Scarf','Accessories','Lavender'),(124,'Belt Short','Accessories','Cyan'),(125,'Coat Boy','Outerwear','Beige'),(126,'Coat Little Girl','Outerwear','Gold'),(127,'Sandals','Footwear','Blue'),(128,'Shorts 3\'','Clothing','Olive'),(129,'Jeans','Clothing','Maroon'),(130,'Backpack Adult','Accessories','Brown'),(131,'Gloves','Accessories','Gold'),(132,'Shirt','Clothing','Teal'),(133,'Sunglasses','Accessories','Turquoise'),(134,'Belt Medium','Accessories','Purple'),(135,'Handbag','Accessories','Beige'),(136,'Skirt','Clothing','Silver'),(137,'Coat Men','Outerwear','Orange'),(138,'Pants','Clothing','White'),(139,'Hat','Accessories','Gray'),(140,'Socks','Clothing','Olive'),(141,'Scarf','Accessories','Black'),(142,'Dress','Clothing','Brown'),(143,'Belt Short','Accessories','Yellow'),(144,'Sunglasses','Accessories','Lavender'),(145,'Socks','Clothing','Purple'),(146,'Shoes','Footwear','Magenta'),(147,'Skirt','Clothing','Teal'),(148,'Sandals','Footwear','Purple'),(149,'Backpack Classic','Accessories','Black'),(150,'Sandals','Footwear','Green'),(151,'Blouse W','Clothing','Maroon'),(152,'Boots4','Footwear','Green'),(153,'Jacket','Outerwear','Pink'),(154,'Hat','Accessories','Red'),(155,'Shirt','Clothing','Gray'),(156,'Pants','Clothing','Teal'),(157,'Scarf','Accessories','Blue'),(158,'Coat Boy','Outerwear','White'),(159,'T-shirt','Clothing','Violet'),(160,'Shirt','Clothing','Brown'),(161,'Shoes','Footwear','Blue'),(162,'Sweater','Clothing','Gray'),(163,'Blouse M','Clothing','White'),(164,'Coat Little Boy','Outerwear','Violet'),(165,'Jacket','Outerwear','Olive'),(166,'Pants','Clothing','White'),(167,'Boots1','Footwear','Lavender'),(168,'Boots2','Footwear','Red'),(169,'Sweater','Clothing','Brown'),(170,'Sweater','Clothing','Gray'),(171,'Sandals','Footwear','Maroon'),(172,'Pants','Clothing','Green'),(173,'Gloves','Accessories','Gray'),(174,'T-shirt','Clothing','Violet'),(175,'Skirt','Clothing','Maroon'),(176,'Shoes','Footwear','Teal'),(177,'Handbag','Accessories','Gray'),(178,'Coat','Outerwear','Brown'),(179,'Blouse W','Clothing','Magenta'),(180,'Skirt','Clothing','Gray'),(181,'Hat','Accessories','Gray'),(182,'Shoes','Footwear','Purple'),(183,'Backpack Nike','Accessories','Olive'),(184,'Sunglasses','Accessories','Charcoal'),(185,'Coat China2','Outerwear','Blue'),(186,'Coat China','Outerwear','White'),(187,'Jewelry','Accessories','Teal'),(188,'Jacket','Outerwear','Olive'),(189,'Shoes','Footwear','Maroon'),(190,'Backpack Modern','Accessories','Charcoal'),(191,'Boots','Footwear','Cyan'),(192,'Gloves Cashmere and Wool','Accessories','Purple'),(193,'Coat Men2','Outerwear','Silver'),(194,'Sunglasses','Accessories','Maroon'),(195,'Dress','Clothing','Charcoal'),(196,'Scarf','Accessories','Green'),(197,'Coat England','Outerwear','Beige'),(198,'Sneakers','Footwear','Pink'),(199,'Belt Long','Accessories','Silver');
/*!40000 ALTER TABLE `Product` ENABLE KEYS */;
UNLOCK TABLES;

--
-- Table structure for table `ProductOrder`
--

DROP TABLE IF EXISTS `ProductOrder`;
/*!40101 SET @saved_cs_client     = @@character_set_client */;
/*!50503 SET character_set_client = utf8mb4 */;
CREATE TABLE `ProductOrder` (
  `ID` int NOT NULL AUTO_INCREMENT,
  `OrderID` int DEFAULT NULL,
  `ProductID` int DEFAULT NULL,
  `Quantity` int DEFAULT NULL,
  PRIMARY KEY (`ID`),
  UNIQUE KEY `ID` (`ID`),
  UNIQUE KEY `OrderID` (`OrderID`),
  UNIQUE KEY `ProductID` (`ProductID`),
  CONSTRAINT `ProductOrder_Order_OrderID_fk` FOREIGN KEY (`OrderID`) REFERENCES `Order` (`OrderID`),
  CONSTRAINT `ProductOrder_Product_ProductID_fk` FOREIGN KEY (`ProductID`) REFERENCES `Product` (`ProductID`)
) ENGINE=InnoDB AUTO_INCREMENT=200 DEFAULT CHARSET=utf8mb4 COLLATE=utf8mb4_0900_ai_ci;
/*!40101 SET character_set_client = @saved_cs_client */;

--
-- Dumping data for table `ProductOrder`
--

LOCK TABLES `ProductOrder` WRITE;
/*!40000 ALTER TABLE `ProductOrder` DISABLE KEYS */;
INSERT INTO `ProductOrder` VALUES (1,1,96,2),(2,2,100,2),(3,3,121,2),(4,4,157,1),(5,5,186,4),(6,6,192,5),(7,7,45,1),(8,8,56,1),(9,9,58,3),(10,10,66,3),(11,11,143,4),(12,12,148,1),(13,13,155,4),(14,14,190,4),(15,15,24,3),(16,16,65,4),(17,17,149,3),(18,18,153,4),(19,19,177,2),(20,20,1,3),(21,21,27,4),(22,22,78,1),(23,23,91,3),(24,24,126,1),(25,25,135,3),(26,26,159,4),(27,27,187,4),(28,28,23,3),(29,29,48,2),(30,30,57,4),(31,31,94,1),(32,32,165,2),(33,33,166,4),(34,34,174,3),(35,35,184,1),(36,36,36,1),(37,37,55,4),(38,38,75,4),(39,39,129,1),(40,40,134,2),(41,41,197,1),(42,42,46,4),(43,43,59,3),(44,44,86,4),(45,45,109,3),(46,46,120,4),(47,47,146,1),(48,48,14,2),(49,49,70,2),(50,50,71,3),(51,51,72,5),(52,52,88,4),(53,53,98,5),(54,54,102,4),(55,55,127,4),(56,56,132,1),(57,57,162,4),(58,58,171,5),(59,59,193,1),(60,60,4,4),(61,61,67,3),(62,62,99,4),(63,63,133,3),(64,64,136,2),(65,65,152,2),(66,66,170,3),(67,67,181,2),(68,68,199,5),(69,69,6,1),(70,70,11,2),(71,71,32,1),(72,72,37,5),(73,73,81,5),(74,74,112,5),(75,75,17,5),(76,76,44,2),(77,77,52,2),(78,78,97,2),(79,79,114,3),(80,80,124,2),(81,81,183,2),(82,82,194,2),(83,83,2,5),(84,84,39,2),(85,85,49,5),(86,86,117,4),(87,87,140,5),(88,88,164,2),(89,89,5,2),(90,90,15,2),(91,91,30,4),(92,92,34,5),(93,93,35,2),(94,94,40,1),(95,95,61,5),(96,96,83,1),(97,97,84,2),(98,98,116,4),(99,99,138,1),(100,100,139,2),(101,101,38,4),(102,102,54,4),(103,103,63,4),(104,104,64,3),(105,105,95,3),(106,106,113,1),(107,107,118,5),(108,108,161,2),(109,109,175,3),(110,110,176,3),(111,111,180,4),(112,112,3,5),(113,113,111,1),(114,114,123,3),(115,115,131,3),(116,116,137,1),(117,117,145,3),(118,118,178,4),(119,119,191,5),(120,120,7,3),(121,121,169,3),(122,122,182,2),(123,123,16,5),(124,124,47,2),(125,125,53,2),(126,126,89,2),(127,127,119,1),(128,128,130,4),(129,129,156,3),(130,130,9,1),(131,131,12,2),(132,132,13,1),(133,133,19,3),(134,134,110,5),(135,135,115,1),(136,136,125,5),(137,137,147,2),(138,138,168,4),(139,139,195,2),(140,140,198,5),(141,141,18,3),(142,142,20,2),(143,143,42,5),(144,144,93,4),(145,145,151,3),(146,146,158,1),(147,147,10,3),(148,148,50,2),(149,149,76,1),(150,150,77,5),(151,151,141,1),(152,152,163,1),(153,153,167,1),(154,154,173,5),(155,155,179,5),(156,156,31,2),(157,157,33,3),(158,158,73,2),(159,159,79,5),(160,160,128,4),(161,161,142,3),(162,162,150,3),(163,163,160,3),(164,164,21,4),(165,165,22,4),(166,166,43,4),(167,167,69,3),(168,168,74,5),(169,169,80,2),(170,170,85,5),(171,171,105,3),(172,172,107,2),(173,173,144,2),(174,174,26,4),(175,175,28,4),(176,176,41,5),(177,177,51,2),(178,178,60,1),(179,179,68,5),(180,180,101,5),(181,181,103,4),(182,182,122,2),(183,183,172,4),(184,184,185,1),(185,185,196,2),(186,186,25,5),(187,187,29,5),(188,188,62,1),(189,189,82,4),(190,190,104,5),(191,191,106,3),(192,192,108,5),(193,193,154,3),(194,194,189,2),(195,195,8,5),(196,196,87,2),(197,197,90,5),(198,198,92,4),(199,199,188,3);
/*!40000 ALTER TABLE `ProductOrder` ENABLE KEYS */;
UNLOCK TABLES;
/*!40103 SET TIME_ZONE=@OLD_TIME_ZONE */;

/*!40101 SET SQL_MODE=@OLD_SQL_MODE */;
/*!40014 SET FOREIGN_KEY_CHECKS=@OLD_FOREIGN_KEY_CHECKS */;
/*!40014 SET UNIQUE_CHECKS=@OLD_UNIQUE_CHECKS */;
/*!40101 SET CHARACTER_SET_CLIENT=@OLD_CHARACTER_SET_CLIENT */;
/*!40101 SET CHARACTER_SET_RESULTS=@OLD_CHARACTER_SET_RESULTS */;
/*!40101 SET COLLATION_CONNECTION=@OLD_COLLATION_CONNECTION */;
/*!40111 SET SQL_NOTES=@OLD_SQL_NOTES */;

-- Dump completed on 2023-12-01  2:51:31
